Titel;Beskrivelse af behandlingen;§6 – Behandling af personoplysninger efter Artikel 6 stk. 1;§7 – Behandling af personoplysninger efter Artikel 9 stk. 2 (særlige kategorier af personoplysninger);§8 – Nødvendig behandling af strafbare forhold;§9 – Retsinformationssystemer af væsentlige samfundsmæssig betydning;§10 – Statistiske eller videnskabelige undersøgelser af væsentlig samfundsmæssig betydning;§11 – Myndigheders behandling af personnummer;§12 – Behandling af personoplysninger i forbindelse med ansættelsesforhold;§13 – Markedsføring;§14 – Behandling i.h.t arkivlovgivningen;;;;;;;;;;;;;;;;;;;;;;;;;;;;;;;;;;;;;;;;;
1. Behandling af personoplysninger i forbindelse med ydelser vedr.  jobafklaring, jobsøgning og uddannelsesforløb for ledige;Behandling af personoplysninger sker med henblik på at hjælpe ledige borgere i uddannelse eller job, hjælpe sygemeldte borgere tilbage på arbejdsmarkedet samt godkendelse af arbejdsmiljø mv. på private erhvervirksomheder, der beskæftiger ledige midlertidigt.;e;f;;;x;x;;;;;;;;;;;;;;;;;;;;;;;;;;;;;;;;;;;;;;;;;;;;
2. Behandling af personoplysninger i forbindelse med fleksjob, løntillæg, jobrotation, virksomhedspraktik, mentorordning og voksenlærling, ressourceforløb og revalidering;"Behandling af personoplysninger sker med henblik på at vurdere og følge op på sager i forbindelse med fleksjob, løntillæg, jobrotation, virksomhedspraktik, mentorordning og voksenlærling samt vurdere og følge op på sager om revalidering og ressourceforløb, herunder udarbejdelse af jobplaner og aktiviteter 

";e;f;;;x;x;;;;;;;;;;;;;;;;;;;;;;;;;;;;;;;;;;;;;;;;;;;;
3. Behandling af personoplysninger i forbindelse med dagpenge, efterløn/feriedagpenge og seniorjob;"Behandling af personoplysninger sker med henblik på at vurdere og følge op på sager i forbindelse med dagpenge, efterløn, feriedagpenge og seniorjob, herunder dagpenge i forbindelse med sygdom, barsel og pasning af alvorligt syge børn

";"a; e";"a; f";;;x;x;;;;;;;;;;;;;;;;;;;;;;;;;;;;;;;;;;;;;;;;;;;;
4. Behandling af personoplysninger i forbindelse med udbetaling af kontanthjælp og 225-timers regel;"Behandling af personoplysninger sker med henblik på at vurdere, om borgeren opfylder de skærpede rådighedskrav for kontanthjælpsmodtagere (225-timers reglen), samt beregning af kontanthjælp, herunder om der skal ske fradrag, nedsættelse eller ophør af ydelsen

";e;;;;x;x;;;;;;;;;;;;;;;;;;;;;;;;;;;;;;;;;;;;;;;;;;;;
5. Behandling af personoplysninger i forbindelse med støtte til personer med handicap i erhverv;"Behandling af personoplysninger sker med henblik på at yde kompensation til borgere med handicap i erhverv, herunder fortrinsadgang og personlig assistance

";e;b;;;;x;;;;;;;;;;;;;;;;;;;;;;;;;;;;;;;;;;;;;;;;;;;;
6. Behandling af personoplysninger i forbindelse med sygesikring;Behandling af personoplysninger sker med henblik på at tildele/skifte læge eller sygesikringsgruppe, refundere lægeregninger og bestille nyt sundhedskort/midlertidigt kort;e;f;;;;x;;;;;;;;;;;;;;;;;;;;;;;;;;;;;;;;;;;;;;;;;;;;
7. Behandling af personoplysninger i forbindelse med indfødsret;Behandling af personoplysninger sker med henblik på at udenlandske borgere kan søge om dansk statsborgerskab, herunder tilmelding til grundlovsceremoni og besked til UIM om deltagelse i grundlovsceremoni;e;;;;;x;;;;;;;;;;;;;;;;;;;;;;;;;;;;;;;;;;;;;;;;;;;;
8. Behandling af personoplysninger i forbindelse med offentlige valg;Behandlingen af personoplysninger sker ifm. afholdelse af EU-valg, folketingsvalg, regionsvalg samt kommunalvalg, herunder vurdering af valgret, kandidat- og valglister, afstemning samt opgørelse af valget;e;;;;;x;;;;;;;;;;;;;;;;;;;;;;;;;;;;;;;;;;;;;;;;;;;;
9. Behandling af personoplysninger i forbindelse med valg til råd, nævn, bestyrelser og øvrige organer.;Behandling af personoplysninger sker med henblik på at kunne udpege medlemmer til råd, nævn, bestyrelser og øvrige organer;e;;;;;x;;;;;;;;;;;;;;;;;;;;;;;;;;;;;;;;;;;;;;;;;;;;
10. Behandling af personoplysninger i forbindelse med navneændring, folkeregistrering, borgerlig personregistrering og udtagelse af nævning og domsmænd;"Behandling af personoplysninger sker i forbindelse med registrering i CPR-registret, herunder registrering af navne- og adressebeskyttelse, kommunens adgang til CPR-registret samt kommunens videregivelse af oplysninger fra CPR-registret til fx andre myndigheder. Behandling sker desuden med henblik på administration af udtagelse af nævninge og domsmænd

";"a; e";f;;;x;x;;;;;;;;;;;;;;;;;;;;;;;;;;;;;;;;;;;;;;;;;;;;
11. Behandling af personoplysninger i forbindelse med borgerlige forhold generelt, NemKonto, Digital Post samt undtagelse til digital selvbetjening, desuden udstedelse af legitimation til borgere.;Behandling af personoplysninger sker ifm. borgerlige forhold, fx NemID, og herunder ved evt. vurdering om fritagelse af digital selvbetjening, fx Digital Post. Behandling sker desuden i forbindelse med udstedelse af legitimation til borgere, herunder pas og kørekort;e;f;;;x;x;;;;;;;;;;;;;;;;;;;;;;;;;;;;;;;;;;;;;;;;;;;;
12. Behandling af personoplysninger i forbindelse med vielser  ;Behandlingen af persondata sker med henblik på vurdering af, om ansøgere opfylder betingelserne for at indgå i ægteskab samt udarbejdelse af prøvelsesattest;e;f;;;;x;;;;;;;;;;;;;;;;;;;;;;;;;;;;;;;;;;;;;;;;;;;;
13. Behandling af personoplysninger i forbindelse med dagtilbud til børn i førskolealder samt tilsyn med institutioner;Behandling af personoplysninger sker med henblik på at registrere børns optagelse i dagtilbud, herunder tilskud, fripladstilskud, egenbetaling, madordning, sikkerhed (tilskadekomst/erstatning), hygiejne, børnemiljøvurderinger samt sprogmiljøvurderinger;e;f;;;x;x;;;;;;;;;;;;;;;;;;;;;;;;;;;;;;;;;;;;;;;;;;;;
14. Behandling af personoplysninger i forbindelse med skoletilbud (0.-9. klasse), samt rådgivende organer og skolebestyrelser;"Behandling af personoplysninger sker med henblik på tilrettelæggelse af skoleåret herunder elevvurderinger, trivselsmålinger, erstatningskrav fra elever og eleverklæringer. 
Der behandles desuden personoplysninger i forbindelse med skolebestyrelser, herunder medlemmer og vederlag til medlemmer og rådgivende organer, herunder elevråd, forældreråd og pædagogiske råd

";e;f;;;x;x;;;;;;;;;;;;;;;;;;;;;;;;;;;;;;;;;;;;;;;;;;;;
15. Behandling af personoplysninger i forbindelse med undervisning af tosprogede elever;Behandlingen af personoplysninger sker med henblik på at registrere henholdsvis tosprogede børn og elever, der skal indgå i supplerende undervisning samt unge indvandrere, der skal indgå i særligt tilrettelagt undervisning. Derudover indgår også afdækning af sproglige kompetencer ;e;f;;;x;x;;;;;;;;;;;;;;;;;;;;;;;;;;;;;;;;;;;;;;;;;;;;
16. Behandling af personoplysninger i forbindelse med optagelse i SFO, klubtilbud og fritidshjem samt skolens fritidsforanstaltninger samt folkeskoleaktiviteter- og arrangementer, samt naturskoler. ;"Personoplysninger behandles med henblik på at registrere elever, der ønsker at gøre brug af kommunens tilbud om SFO samt skolens fritidsforanstaltninger herunder undervisning i fritid og ferier samt drift/besøg/samarbejde  med naturskoler, mininaturskoler og økobaser.
";e;f;;;x;x;;;;;;;;;;;;;;;;;;;;;;;;;;;;;;;;;;;;;;;;;;;;
17. Behandling af personoplysninger i forbindelse med elever med særlige behov;Behandlingen af personoplysninger sker med henblik på at afdække og vurdere elevers behov for specialundervisning og specialpædagogisk bistand, herunder  eksempelvis PPV og test for ordblindhed.;e;f;;;;x;;;;;;;;;;;;;;;;;;;;;;;;;;;;;;;;;;;;;;;;;;;;
18. Behandling af personoplysninger i forbindelse med ungdomsskole, kommunal ungeindsats og ungdomsuddannelse;"Behandlingen af personoplysninger sker med henblik på vejledning i den kommunale ungeindsats vedr. uddannelse og erhverv, ikke-obligatorisk undervisning i ungdomsskolen og klubvirksomhed, herunder optagelse og medlemslister samt fritidsvirksomhed for unge under 25 år

";e;f;;;x;x;;;;;;;;;;;;;;;;;;;;;;;;;;;;;;;;;;;;;;;;;;;;
19. Behandling af personoplysninger i forbindelse med kommunal tandpleje;"Behandling af personoplysninger sker med henblik på at tilbyde børn under 18 år kommunal tandpleje, tilbyde omsorgstandpleje til patienter fra andre EU/EØS lande og personer med nedsat førlighed, samt specialtandpleje til borgere med sindslidelser eller psykisk udviklingshæmmede 
";"a; e";f;;;;x;;;;;;;;;;;;;;;;;;;;;;;;;;;;;;;;;;;;;;;;;;;;
20. Behandling af personoplysninger i forbindelse med sundhedspleje;"Behandling af personoplysninger sker i forbindelse med forebyggende sundhedsydelser til børn og unge, herunder sundhedspleje i eget hjem, bistand til skoler, daginstitutioner og dagpleje samt sundhedsmæssige ydelser til børn og unge m.fl. med særlige behov samt bistand til udøvende


";a;f;;;x;x;;;;;;;;;;;;;;;;;;;;;;;;;;;;;;;;;;;;;;;;;;;;
21. Behandling af personoplysninger i forbindelse med kriminalpræventiv indsats over for unge;"Behandling af personoplysninger sker med henblik på at organisere, forebygge og koordinere SSP-samarbejdet mellem relevante forvaltninger og politiet, samt at gennemføre konkrete borgersager, herunder bekymringsbreve, samtaler  og afhøringer, med henblik på at den unge ikke begår kriminalitet

";e;f;;;x;x;;;;;;;;;;;;;;;;;;;;;;;;;;;;;;;;;;;;;;;;;;;;
22. Behandling af personoplysninger i forbindelse med ungdomsuddannelse til unge med særlige behov samt FGU;"Behandlingen af personoplysninger sker med henblik på at varetage kommunens opgave i forhold til ungdomsuddannelse til unge med særlige behov, herunder afklaringsforløb, og forberedende grunduddannelse
";"a; e";"a; f";;;x;x;;;;;;;;;;;;;;;;;;;;;;;;;;;;;;;;;;;;;;;;;;;;
23. Behandling af personoplysninger i forbindelse med boligplacering af flygtninge, kommunens integrationsindsats samt repatriering;"Behandlingen af personoplysninger sker med henblik på boligplacering af flygtninge i kommunen, herunder tildeling af CPR-nr. og sundhedskort mv. 
Desuden behandles personoplysninger med henblik på at hjælpe herboende udlændinge samt danske statsborgere med dobbelt statsborgerskab, der ønsker at vende tilbage til hjemland/tidligere opholdsland, og dermed løses fra deres danske statsborgerskab. Desuden behandles personoplysninger i forbindelse med integration af udlændinge, herunder selvforsørgelse, integrationsplaner, sikkerhedsstillelse, integrationsgrunduddannelse, hjemrejseprogrammer og tolkebistand  ";c;f;;;;x;;;;;;;;;;;;;;;;;;;;;;;;;;;;;;;;;;;;;;;;;;;;
24. Behandling af personoplysninger i forbindelse med tilbud om danskundervisning, kurser og undervisning til voksne udlændinge;Behandlingen af personoplysninger sker med henblik på at tilrette og gennemføre danskundervisning for voksne udlændinge, samt afholdelse af indfødsretsprøve og medborgerskabsprøve;e;f;;;;x;;;;;;;;;;;;;;;;;;;;;;;;;;;;;;;;;;;;;;;;;;;;
25. Behandling af personoplysninger i forbindelse med sundhedsydelser til asylansøgere;Behandlingenaf personoplysninger sker ifm. sundhedsydelser til asylansøgere herunder sundhedsbetjening, bevilling af hjælpemidler samt indgåelse af sundhedskontrakt med styrelsen;e;f;;;;;;;;;;;;;;;;;;;;;;;;;;;;;;;;;;;;;;;;;;;;;;;;
26. Behandling af personoplysninger i forbindelse med borgernes brug af naturen.;Behandlingen af personoplysninger sker med henblik på borgernes benyttelse af fx parker, skove, indendørs anlæg mv. ;e;;;;;;;;;;;;;;;;;;;;;;;;;;;;;;;;;;;;;;;;;;;;;;;;;
27. Behandling af personoplysninger i forbindelse med TV-overvågning;Behandlingen af personoplysninger sker i forbindelse med kommunens tv-overvågning af kommunale arealer og bygninger samt offentligt tilgængelige områder med henblik på kriminalitetsforebyggelse;e;;;;x;;;;;;;;;;;;;;;;;;;;;;;;;;;;;;;;;;;;;;;;;;;;;
28. Behandling af personoplysninger i forbindelse med kommunens administration af og borgernes benyttelse af veje, stier mv.;Behandlingen af personoplysninger sker i forbindelse med kommunens administration og vedligehold af stier, veje og parkeringsanlæg mv. samt borgernes benyttelse af disse.  Herunder også ansøgninger om benyttelse af veje, stier og parkeringsanlæg til eks. placering af genstande, kørselsdispensationer og sager om valgplakater mv. samt kommunens statisik eks. ulykkesstatistik;e;;;;;x;;;;;;;;;;;;;;;;;;;;;;;;;;;;;;;;;;;;;;;;;;;;
29. Behandling af personoplysninger i forbindelse med affald og genanvendelse;Behandlingen af pesonoplysninger sker ifm. affaldsordninger, brug, vedeligehold og anlæg af genbrugspladser;e;;;;;x;;;;;;;;;;;;;;;;;;;;;;;;;;;;;;;;;;;;;;;;;;;;
30. Behandling af personoplysninger i forbindelse med havne og lufthavne;Behandlingen af personoplysninger sker ifm. kommunalbestyrelsens valg af medlemmer af havneråd for statshavne, opkrævning af afgifter i havne,  organisering og benyttelse af havne (herunder i forbindelse med husbåde), sikring af havne og havneydelser (herunder bugsering, lodsvæsen og brobetjening). Derudover sker behandlingen ifm. godkendelse af flyvepladser, hændelser (acidents/incidents) på flyvepladser, sikkerhed på flyvepladser samt udlejning af lufthavnsbygninger og arealer;e;;;;;x;;;;;;;;;;;;;;;;;;;;;;;;;;;;;;;;;;;;;;;;;;;;
31. Behandling af personoplysninger i forbindelse med forsyning;"Behandlingen af personoplysninger sker i forbindelse med tilslutning til elforsyning, varmeforsyning, vandforsyning, naturgas og  bygas samt kommunens tilsyn med forsyningen 





";e;;;;;x;;;;;;;;;;;;;;;;;;;;;;;;;;;;;;;;;;;;;;;;;;;;
32. Behandling af personoplysninger i forbindelse med udlejning, kommunikationsnet, fællesantenne og laboratorieydelser;"Behandlingen af personoplysninger sker i forbindelse med udlån af materiale, fx olietanke samt udlån af bycykler. Desuden behandles personoplysninger i forbindelse med fællesantenne, herunder tvangslicens, samt i forbindelse med laboratorieydelser, herunder analyse af olie og kul

";c;;;;;x;;;;;;;;;;;;;;;;;;;;;;;;;;;;;;;;;;;;;;;;;;;;
33. Behandling af personoplysninger i forbindelse med kollektiv trafik samt individuel handicapkørsel;Behandlingen af personoplysninger sker i forbindelse med etablering, drift og organisering af trafikselskaber, herunder udstedelse af rejsekort, kontrolafgifter, samt i forbindelse med trafikselskabers forpligtelse til at sikre indiviuel handicapkørsel;e;f;;;;x;;;;;;;;;;;;;;;;;;;;;;;;;;;;;;;;;;;;;;;;;;;;
34. Behandling af personoplysninger i forbindelse med kommunale begravelser og kommunale kirkegårde;"Behandling af personoplysninger sker med henblik på at fremsætte anmodning til begravelsesmyndighed i tilfælde, hvor der ikke findes pårørende eller andre nære relationer, der kan påtages sig opgaven. 

I tilfælde af, at kommunen driiver kirkegårde kan behandlingsaktiviteten beskrives som følgende: 
Behandling af personoplysninger sker med henblik på at undestøtte kommunens arbejde i forbindelse med kommunale begravelser og kommunale kirkegårde, herunder oplysninger om kremering, fllytning af urne, gravsted mv. ";e;;;;;x;;;;;;;;;;;;;;;;;;;;;;;;;;;;;;;;;;;;;;;;;;;;
35. Behandling af personoplysninger i forbindelse med udvikling af landdistrikterne.;"Behandlingen af personoplysninger sker til understøttelse af kommunens  arbejde med etablering af lokale aktionsgrupper for udvikling af landdistrikterne. 
Behandling af personoplysninger sker desuden for at sikre opbevaring af dokumentation til kontrol af de foranstaltninger der har fået tildelt midler.";e;;;;;x;;;;;;;;;;;;;;;;;;;;;;;;;;;;;;;;;;;;;;;;;;;;
36. Behandling af personoplysninger i forbindelse med spildevand og vandløb;"Behandlingen af personoplysninger sker i forbindelse med tilladelser og påbud om tilslutning, nedsivning eller udledning af spildevand samt ekspropriation til spildevandsanlæg 
 
";e;;;;x;x;;;;;;;;;;;;;;;;;;;;;;;;;;;;;;;;;;;;;;;;;;;;
37. Behandling af personoplysninger i forbindelse med kommunens køb/salg/udlejning af jord til jordforsyning i forhold til borgeren ;Behandling af personoplysninger sker ved erhvervelse, salg, byggemodning, udlejning af jord og forespørgsler om jordsalg/-køb ;e;;;;;x;;;;;;;;;;;;;;;;;;;;;;;;;;;;;;;;;;;;;;;;;;;;
38. Behandling af personoplysninger i forbindelse med kultur;Behandlingen af personoplysninger sker med henblik på at yde tilskud til kulturlivet, herunder teater, biografer, kunst-, musik- og filmvirksomheder, samt tildeling af sendetilladelser til lokal tv og radio.;e;f;;;;x;;;;;;;;;;;;;;;;;;;;;;;;;;;;;;;;;;;;;;;;;;;;
39. Behandling af personoplysninger i forbindelse med kulturaktiviteter, herunder musik- og billedskoler, kulturhuses virksomhed, kulturhistoriske institutioner, arkiver og museer.;Behandlingen af personoplysninger sker med henblik på drift af kulturaktiviteter, musik- og billedskoler, medborgerhuse,  events,  registrering af elever og aktiviteter m.v;e;;;;;x;;;;;;;;;;;;;;;;;;;;;;;;;;;;;;;;;;;;;;;;;;;;
40. Behandling af personoplysninger i forbindelse med administration af fonde, legater og stiftelser;Behandlingen af personoplysninger sker ifm. registrering af ansøgninger og udbetalinger for fonde, legater og stiftelser;e;;;;;x;;;;;;;;;;;;;;;;;;;;;;;;;;;;;;;;;;;;;;;;;;;;
41. Behandling af personoplysninger i forbindelse med idræt, folkeoplysning og daghøjskoler;Behandlingen af personoplysninger sker med henblik på at yde tilskud inden for folkeoplysningsområdet, herunder til foreninger og aftenskoler samt i forbindelse med godkendelse af og tilskud til daghøjskoler. ;e;;;;;x;;;;;;;;;;;;;;;;;;;;;;;;;;;;;;;;;;;;;;;;;;;;
42. Behandling af personoplysninger i forbindelse med biblioteker;Behandling af personoplysninger sker i forbindelse med udlån af bøger og brug af bibliotekets faciliteter. Herunder rykkere og bøder. ;e;;;;;x;;;;;;;;;;;;;;;;;;;;;;;;;;;;;;;;;;;;;;;;;;;;
43. Behandling af personoplysninger i forbindelse med rekruttering;Behandlingen af personoplysninger sker med henblik på at rekruttere medarbejdere og herunder vurdere, ud fra helbredsoplysninger, om der skal foretages fortrinsstilling;e;f;;;x;x;;;;;;;;;;;;;;;;;;;;;;;;;;;;;;;;;;;;;;;;;;;;
44. Behandling af personoplysninger i forbindelse med  kommunens personale og stillinger i kommunen;Behandlingen af personoplysninger sker med henblik på at registrere antal af personalekategorier (elever, ferieafløsere mv), aktindsigt i personalesager, klager over personale og jobbanker samt i forbindelse med registrering af tillidsvalgte og medlemmer af udvalg, herunder samarbejdsudvalg og MED udvalg;e;f;;;;x;;;;;;;;;;;;;;;;;;;;;;;;;;;;;;;;;;;;;;;;;;;;
45. Behandling af personoplysninger i forbindelse med lære-, elev- og praktikpladser i kommunen;"Behandlingen af personoplysninger sker med henblik godkendelse af praktikpladser, kommunens ansættelse og vejledning mv. af elever og praktikanter, herunder udtalelser om elever og praktikanter samt udpegning af medlemmer til bestyrelser på professionshøjskoler


";e;f;;;x;x;;;;;;;;;;;;;;;;;;;;;;;;;;;;;;;;;;;;;;;;;;;;
46. Behandling af personoplysninger i forbindelse med personaleudvikling og jobrotation (både internt og eksternt);"Behandlingen af personoplysninger sker med henblik på at gennemføre MUS-samtaler, lederudviklingssamtaler, jobrotation samt ansattes deltagelse i eks. kongresser, årsmøder og seminarer


";e;f;;;;x;;;;;;;;;;;;;;;;;;;;;;;;;;;;;;;;;;;;;;;;;;;;
47. Behandling af personoplysninger i forbindelse med uddannelse af personale og folkevalgte;Behandlingen af  personoplysninger sker ifm. uddannelse af personale og folkevalgte, eks. rammebeslutninger om personaleuddannelse. Derudover til konkrete sager om den enkelte medarbejders uddannelsesaktiviteter (kurser, efteruddannelse o.lign), beviser og vurderinger ifm uddannelsesforløb samt kurser kommunen selv afholder;e;;;;;x;;;;;;;;;;;;;;;;;;;;;;;;;;;;;;;;;;;;;;;;;;;;
48. Behandling af personoplysninger i forbindelse med ansattes arbejdstid;Behandlingen af personoplysninger sker med henblik på at administrere den ansattes arbejdstid - herunder hjemmearbejde, tjenesterejser, sygdom og anden fravær, samt ordninger ifm. ansættelsen;c;"b; f";;;;x;;;;;;;;;;;;;;;;;;;;;;;;;;;;;;;;;;;;;;;;;;;;
49. Behandling af personoplysninger i forbindelse med løn og øvrige økonomiske ydelser;"Behandlingen af personoplysninger sker med henblik på at administrere løn og øvrige økonomiske ydelser
";c;"a; b; f";;;;x;;;;;;;;;;;;;;;;;;;;;;;;;;;;;;;;;;;;;;;;;;;;
50. Behandling af personoplysninger i forbindelse med arbejdsskader og sundhedsfremmende tiltag;Behandlingen af personoplysninger sker i forbindelse med sager om arbejdsskader/arbejdsulykker, erhvervssygdomme og nærved-ulykker samt sundhedsfremmende personaleforanstaltninger, eks. en direkte indsats overfor den enkelte medarbejder vedr. rygning, alkohol, rusmidler mv.;"b; c";f;;;;;;;;;;;;;;;;;;;;;;;;;;;;;;;;;;;;;;;;;;;;;;;;
51. Behandling af personoplysninger i forbindelse med arbejdskonflikter, disciplinære foranstaltninger og afsked;Behandlingen af personoplysninger sker ifm. arbejdskonflikter, disciplinære foranstaltninger og afsked;e;f;;;x;x;;;;;;;;;;;;;;;;;;;;;;;;;;;;;;;;;;;;;;;;;;;;
52. Behandling af personoplysninger i forbindelse med legitimation samt beklædning;Behandlingen af personoplysninger sker med henblik på personalelegitimation, beklædning samt nøglesystemer og adgangskontrol til kommunens ejendomme;e;;;;;x;;;;;;;;;;;;;;;;;;;;;;;;;;;;;;;;;;;;;;;;;;;;
53. Behandling af personoplysninger i forbindelse med frivillige i kommunale institutioner;Behandlingen af personoplysninger sker med henblik på indgåelse/ophævelse af samarbejdsaftaler med frivillige samt tilrettelæggelse af arbejdet herunder uddannelse til de frivillige ;e;;;;x;x;;;;;;;;;;;;;;;;;;;;;;;;;;;;;;;;;;;;;;;;;;;;
54. Behandling af personoplysninger i forbindelse med kommunens arbejdsmiljø;"Behandlingen af personoplysninger sker ifm. kommunens arbejde vedr. arbejdsmiljø, herunder arbejdspladsvurderinger, rygepolitik og lægeundersøgelser, psykisk arbejdsmiljø , trusler mod personale og journalisering af konkrete sager om vold og trusler mod personalet. Desuden registreres adgangsforbud overfor truende borgere
";e;f;;;;x;;;;;;;;;;;;;;;;;;;;;;;;;;;;;;;;;;;;;;;;;;;;
55. Behandling af personoplysninger i forbindelse med naturbeskyttelse, kystbeskyttelse, miljøbeskyttelse, klimaindsats og skadedyrsbekæmpelse;Behandlingen af personoplysninger sker ifm.  ansøgninger, projektudførelse, lovovertrædelser og indberetninger vedr. klager og skadedyr;"c; e";;;;x;x;;;;;;;;;;;;;;;;;;;;;;;;;;;;;;;;;;;;;;;;;;;;
56. Behandling af personoplysninger i forbindelse med hjælpemidler;Behandlingen af personoplysninger sker i forbindelse med ansøgninger om hjælpemidler, støtte til bil, boligindretning og befordring til personer med et varigt fysisk eller psykisk handicap  ;"c; e";f;;;;x;;;;;;;;;;;;;;;;;;;;;;;;;;;;;;;;;;;;;;;;;;;;
57. Behandling af personoplysniger i forbindelse med magtanvendelse;Behandling af personoplysninger sker med henblik på registeringer af maganvendelse og myndighedsafgørelser efter serviceloven  ;"c; e";f;;;x;x;;;;;;;;;;;;;;;;;;;;;;;;;;;;;;;;;;;;;;;;;;;;
58. Behandling af personoplysninger i forbindelse med personlig hjælp herunder anvendelse af velfærdsteknologiske hjælpemidler, frit valg til personlig hjælp samt delegation.;"Behandlingen af personoplysninger sker med henblik på at kvalitetssikre kommunens tilbud inden for personlig hjælp i det nære sundhedsvæsen, herunder gennemføre tilsyn og behandle klager mv. 
Behandlingen sker desuden ifm.  indgåelse af aftaler med private aktører, administration af borgerens ret til fritvalg (herunder bisidder), administationsaftaler for pensionister samt fuldmagter (delegation)";e;f;;;;x;;;;;;;;;;;;;;;;;;;;;;;;;;;;;;;;;;;;;;;;;;;;
59. Behandling af personoplysninger i forbindelse med plejehjem og boligtilbud til ældre og personer med handicap;Behandlingen af personoplysninger sker ifm. boligtilbud for ældre og personer med handicap, herunder visitation og venteliste til ældre-/handicapbolig, almenboliglovens § 105 samt ledsagerordning og støtte-/kontaktperson;"a; d; e";"a; b; f";;;;x;;;;;;;;;;;;;;;;;;;;;;;;;;;;;;;;;;;;;;;;;;;;
60. Behandlig af personoplysninger i forbindelse med forebyggelse og sundhed ;Behandlingen af personoplysninger sker ifm. forebyggende tiltag, både borger- og patientrettet. Det omfatter både den generelle planlægning, men også den enkelte personsag, herunder utilsigtede hændelser;e;f;;;x;x;;;;;;;;;;;;;;;;;;;;;;;;;;;;;;;;;;;;;;;;;;;;
61. Behandling af personoplysninger i forbindelse med hjemmesygepleje, genoptræning og behandlingstilbud efter serviceloven;Behandlingen af personoplysninger sker med henblik på at tildele og yde hjemmesygepleje og genoptræning, samt tilbud om socialtandpleje, alkoholbehandling og lægelig behandling af stofmisbrugere ;e;f;;;x;x;;;;;;;;;;;;;;;;;;;;;;;;;;;;;;;;;;;;;;;;;;;;
"62. Behandling af personoplysninger i forbindelse med digitale sundhedsydelser, telesundhed og telemedicin.



";"Behandlingen af personoplysning sker ifm. kommunens strategi for digital sundhed, undervisningsmaterialer på webportaler og apps samt diagnostik og behandling ved hjælp af videoer, billeder, lyd og måleresultater (telemedicin)
";e;f;;;;x;;;;;;;;;;;;;;;;;;;;;;;;;;;;;;;;;;;;;;;;;;;;
63. Behandling af personoplysninger i forbindelse med befordring efter sundhedsloven;"Behandlingen af personoplysninger sker i forbindelse med befordring eller befordringsgodtgørelse i forbindelse med genoptræning, befordring til behandling hos praktiserende læge eller speciallæge i et andet EU/EØS land samt klager vedr. befordring til patientklagenævn

";e;f;;;x;x;;;;;;;;;;;;;;;;;;;;;;;;;;;;;;;;;;;;;;;;;;;;
64. Behandling af personoplysninger i forbindelse med aftaler mellem friplejeboliger og kommuner samt drift af dagbehandlingstilbud samt døgninstitutioner;Behandlingen af personoplysninger sker ved aftale mellem friplejeboligleverandør og kommunen om anvisningsret, certificering af friplejeboligleverandør, tilsyn med friplejeboligernes etablering (herunder ydelsesstøtte og godkendelse af anskaffelsessum), drift af friplejeboliger samt fastsættelse af afregningspriser. Behandlingen sker desuden med henblik på drift af dagbehandlingstilbud samt drift af døgninsitutioner for børn og unge med sociale problemer eller med nedsat fysisk eller psykisk funktionsevne;e;;;;;;;;;;;;;;;;;;;;;;;;;;;;;;;;;;;;;;;;;;;;;;;;;
65. Behandling af personoplysninger i forbindelse med planlægning, byggeri, erhvervsforhold samt bygge- og anlægsarbejder;"Behandlingen af personoplysninger sker ifm. kommunens opgaver vedr. planlægning, byggeri og erhvervsforhold, herunder lands- og kommuneplanlægning, ekspropriation og erstatning efter planloven samt kondemnering

";e;f;;;;x;;;;;;;;;;;;;;;;;;;;;;;;;;;;;;;;;;;;;;;;;;;;
66. Behandling af personoplysninger i forbindelse med boliger;Behandlingen af personoplysninger sker ifm. tilsyn og anvendelse af boliger, herunder huslejenævnssager og beboerklagenævnssager;e;f;;;x;x;;;;;;;;;;;;;;;;;;;;;;;;;;;;;;;;;;;;;;;;;;;;
67. Behandling af personoplysninger i forbindelse med regulering af private erhverv;Behandlingen af personoplysninger sker med henblik på regulering af privat erhverv, herunder butikker, hotel- og restauration;e;;;;x;x;;;;;;;;;;;;;;;;;;;;;;;;;;;;;;;;;;;;;;;;;;;;
68. Behandling af personoplysinger i forbindelse med whistleblowerordning;"Behandling af personoplysninger sker i forbindelse etablering, organisering og administrativ kompetencefordeling af whistleblowerordning og fastlæggelse af procedurer for indberetning og opfølgning. 


";e;f;;;x;x;;;;;;;;;;;;;;;;;;;;;;;;;;;;;;;;;;;;;;;;;;;;
69. Behandling af personoplysninger i forbindelse med kommunens styrelse, forvaltningsprincipper samt administrativ og økonomisk bemyndigelse;"Behandlingen af personoplysninger sker i forbindelse med kommunens styrelse og efterlevelse af forvaltningsprincipper, aktindsigt og borgerrådgivning

";e;f;;;x;x;;;;;;;;;;;;;;;;;;;;;;;;;;;;;;;;;;;;;;;;;;;;
70. Behandling af personoplysninger i forbindelse med kommunikations- og informationsvirksomhed;Behandlingen af personoplysninger sker med henblik på kommunens markedsførings-  kommunikations- og informationsvirksomhed, herunder brug af sociale medier;a;f;;;;x;;;;;;;;;;;;;;;;;;;;;;;;;;;;;;;;;;;;;;;;;;;;
71. Behandling af personoplysninger i forbindelse med kommunalbestyrelsen, udvalg mv.;Behandlingen af personoplysninger sker med henblik på kommunens styrelse mv. efter kommunestyrelsesloven;e;e;;;;x;;;;;;;;;;;;;;;;;;;;;;;;;;;;;;;;;;;;;;;;;;;;
72. Behandling af personoplysninger i forbindelse med forebyggelse og rådgivning om sociale forhold samt tilsyn med plejehjem, friplejeboliger og tilbud til ungdomskriminelle;Behandlingen af personoplysninger sker ifm. forebyggelse og rådgivning, herunder rådgivning til personer med alvorlige sociale problemer, bl.a. i forbindelse med ekstremistiske miljøer og æresrelaterede handlinger. Desuden behandles personoplysninger i forbindelse med bl.a. udarbejdelse af handleplaner for voksne, tilsyn og opfølgning efter serviceloven mv. ;e;"b; h";;;x;x;;;;;;;;;;;;;;;;;;;;;;;;;;;;;;;;;;;;;;;;;;;;
73. Behandling af personoplysninger i forbindelse med særlig støtte og tilbud til børn og unge;Behandlingen af personoplysninger sker ifm.  behandlingstilbud, aflastningstilbud og kontaktpersonstilbud til familier med børn med behov for særlig støtte.;"a; e";"a; f";;;x;x;;;;;;;;;;;;;;;;;;;;;;;;;;;;;;;;;;;;;;;;;;;;
74. Behandling af personoplysninger i forbindelse med anbringelse af børn og unge;Behandlingen af personoplysninger sker ifm. underretning  om et barns eller en ungs mistrivsel. I forbindelse hermed skal kommunen vurdere om barnets eller den unges sundhed eller udvikling er i fare, og om der er behov for at iværksætte foranstaltninger efter serviceloven;"a; e";"a; f";;;x;x;;;;;;;;;;;;;;;;;;;;;;;;;;;;;;;;;;;;;;;;;;;;
75. Behandling af personoplysninger i forbindelse med almene tilbud ;Behandlingen af personoplysninger sker med henblik på at levere forebyggende hjemmebesøg,  socialpædagogisk hjælp og støtte, sociale akuttilbud og socialt frikort. Tilbud om hjælp og støtte til personer med nedsat fysisk eller psykisk funktionsevne, eller sociale problemer.;e;f;;;x;x;;;;;;;;;;;;;;;;;;;;;;;;;;;;;;;;;;;;;;;;;;;;
76. Behandling af personoplysinger i forbindelse med botilbud;Behandlingen af personoplysninger sker med henblik på at lave visitation til botilbud, herunder midlertidige ophold, længerevarende botilbud, boformer/døgntilbud, udslusningsbolig samt særlige pladser på psykiatrisk afdeling;e;f;;;x;x;;;;;;;;;;;;;;;;;;;;;;;;;;;;;;;;;;;;;;;;;;;;
77. Behandling af personoplysninger i forbindelse med behandling efter serviceloven samt beskyttet beskæftigelse mv.;Behandlingen af personoplysninger sker ifm. behandling efter serviceloven samt beskyttet beskæftigelse, herunder behandlingstilbud for stofmisbrugere, tilbud efter SEL §102, og aktivitets- og samværstilbud (væresteder, daghjem mv.);"a; d; e";"a; b";;;x;x;;;;;;;;;;;;;;;;;;;;;;;;;;;;;;;;;;;;;;;;;;;;
78. Behandling af personoplysninger i forbindelse med pasning af nærtstående med handicap;Behandlingen af personoplysninger sker med henblik på at muliggøre og understøtte kommunens opgaver, herunder den kommunale indsats i forbindelse med pasning af nærtstående med handicap eller nedsat funktionsevne eller på anden måde med behov for støtte;e;f;;;;x;;;;;;;;;;;;;;;;;;;;;;;;;;;;;;;;;;;;;;;;;;;;
79. Behandling af personoplysninger i forbindelse med brugerinddragelse og frivilligt socialarbejde;Behandlingen af personoplysninger sker med henbilk på brugerinddragelse og frivilligt socialt arbejde;"a; e";;;;;;;;;;;;;;;;;;;;;;;;;;;;;;;;;;;;;;;;;;;;;;;;;
80. Behandling af personoplysninger i forbindelse med bekæmpelse af ungdomskriminalitet (ungdomskriminalitets-nævnet);Behandlingen af personoplysninger sker med henblik på bekæmpelse af ungdomskriminalitet herunder kommunens sagsbehandling ifm. ungdomskriminalitetsnævnets myndighed;e;f;;;x;x;;;;;;;;;;;;;;;;;;;;;;;;;;;;;;;;;;;;;;;;;;;;
81. Behandling af personoplysninger i sager vedr. SEL § 52, særlig støtte;Behandlingen af personoplysninger sker ifm.  tilbud om særlig støtte for børn og unge op til 22 år, herunder alle former for anbringelse;e;f;;;x;x;;;;;;;;;;;;;;;;;;;;;;;;;;;;;;;;;;;;;;;;;;;;
82. Behandling af personoplysninger i forbindelse med Krisecentre;Behandlingen af personoplysninger sker med henblik på at tilbyde hjælp hos krisecentre, herunder psykologbehandling også til medfølgende børn;e;f;;;x;x;;;;;;;;;;;;;;;;;;;;;;;;;;;;;;;;;;;;;;;;;;;;
83. Behandling af personoplysninger i forbindelse med ydelser og specifikke kontante ydelser samt hjælp i særlige tilfælde;Behandlingen af personoplysninger sker med henblik på at give forskellige kontante ydelser, herunder ydelser til helbredsbehandlinger;e;f;;;;x;;;;;;;;;;;;;;;;;;;;;;;;;;;;;;;;;;;;;;;;;;;;
84. Behandling af personoplysninger i forbindelse med ydelser efter serviceloven og sundhedsloven;Behandlingen af personoplysninger sker ifm. ydelser efter service- og sundhedsloven, herunder merudgiftsydelse ved forsørgelse af et barn under 18 år, eller voksne med betydelig nedsat fysisk eller psykisk funktionsevne eller, tabt arbejdsfortjeneste samt plejevederlag ved pasning af døende;e;b;;;;x;;;;;;;;;;;;;;;;;;;;;;;;;;;;;;;;;;;;;;;;;;;;
"85. Behandling af personoplysninger i forbindelse med sociale pensioner


";"Behandlingen af personoplysninger sker i forbindelse med behandling af ansøgninger (ikke udbetaling) om sociale ydelser, herunder invaliditetsydelse og tillægsydelser,  personligt tillæg og helbredstillæg.
Behandling af personoplysninger sker desuden i forbindelse med opfølgning og kontrol af den tildelte ydelse";e;b;;;x;x;;;;;;;;;;;;;;;;;;;;;;;;;;;;;;;;;;;;;;;;;;;;
86. Behandling af personoplysninger i forbindelse med social sikring og tilbagebetaling;Behandlingen af personoplysninger sker med henblik på at føre kontrol med udbetaling af sociale ydelser samt fremsætte krav om tilbagebetaling;e;f;;;x;x;;;;;;;;;;;;;;;;;;;;;;;;;;;;;;;;;;;;;;;;;;;;
87. Behandling af personoplysninger i forbindelse med kommunenes vejledning;Behandlingen af personoplysninger sker ifm. kommunens vejledning af borgere på Udbetaling Danmarks sagsområde;e;;;;;x;;;;;;;;;;;;;;;;;;;;;;;;;;;;;;;;;;;;;;;;;;;;
88. Behandling af personoplysninger i forbindelse med beskatning;"Behandlingen af personoplysninger sker i forbindelse med vurdering af kommunens opgaver vedr. beskatning herunder opkrævning
";e;;;;;x;;;;;;;;;;;;;;;;;;;;;;;;;;;;;;;;;;;;;;;;;;;;
89. Behandling af personoplysninger i forbindelse med beredskab;Behandlingen af personoplysninger sker i forbindelse med beredskabets indsats, bl.a. vedr. materiel, lokalitet, udrykningstjeneste, forplejning, genhusning;e;;;;;x;;;;;;;;;;;;;;;;;;;;;;;;;;;;;;;;;;;;;;;;;;;;
90. Behandling af personoplysninger i forbindelse med personel, redningsberedskab;Behandlingen af personoplysninger sker ifm. beredskabets administration af frivillige og værnepligtige, som ikke betragtes som fastansat personale, herunder uddannelse målrettet beredskab, indkaldelse, ydelser, ansøgninger, helbredsoplysninger, straffesager/disciplinærsager ift. redningsberedskab, forsikrings- og erstatningsforhold ift. redningsberedskab;e;f;;;x;x;;;;;;;;;;;;;;;;;;;;;;;;;;;;;;;;;;;;;;;;;;;;
A. Behandling af personoplysninger i forbindelse med tværgående ledelsesinformation;Behandling af personoplysninger i forbindelse med tværgående ledelsesinformation;e;"b; f";;;x;x;;;;;;;;;;;;;;;;;;;;;;;;;;;;;;;;;;;;;;;;;;;;
B. Behandling af personoplysninger i forbindelse med kommunens overholdelse af Databeskyttelses-forordningens regler om den registreredes rettigheder;Behandlingen af personoplysninger sker med henblik på at sikre den registreredes rettigheder i henhold til databeskyttelsesforordningen og databeskyttelsesloven, eks. oplysningspligten, indsigtsretten, dataportabilitet og indsigelse mv.;e;f;;;x;x;;;;;;;;;;;;;;;;;;;;;;;;;;;;;;;;;;;;;;;;;;;;
C. Behandling af personoplysninger i forbindelse med arkivering og drift af it-systemer, kommunen som dataansvarlig samt brud på persondatasikkerheden;Behandlingen af personoplysninger sker med henblik på at efterleve kravene i arkivloven, samt ifm. makulering og sletning jf. databeskyttelsesforordningen, drift af it-systemer (herunder brugeradgang og adgangskontrol), elektroniske og digitale signaturer, kommunen som dataansvarlig og i forbindelse med brud på persondatasikkerheden;e;j;;;x;x;;;x;;;;;;;;;;;;;;;;;;;;;;;;;;;;;;;;;;;;;;;;;
D. Behandling af personoplysninger i forbindelse med retssikkerhed;Behandlingen af personoplysninger sker ifm. kommunens overholdelse af Retssikkerhedsloven, herunder fastsættelse af sagsbehandlingstider, inddragelse af borger i egen sag, tilsyn med kriminelle udviklingshæmmede, tilvejebringelse af statistiske oplysninger, organisering og drift af Handicapråd, samarbejde med Familieretshuset og Regionen, herunder i forbindelse med godkendelse af adoptant, forældreegnethed ifm. fertilitetsbehandling, samt i forbindelse med anonyme henvendelser til socialtilsynet og organisering af tolkebistand;e;f;;;;x;;;;;;;;;;;;;;;;;;;;;;;;;;;;;;;;;;;;;;;;;;;;